id,lat,lon,time,seqs,region,host,year
A/SW/SK/11-16/2009(H1N1),55.532125,-106.141224,2009.552361,ATGAAAGTAAAACTACTGGTCCTGTTATGCACATTTACAGCTACATATGCAGACACAATATGTATAGGCTACCATGCTAACAACTCGACCGACACTGTTGACACAGTACTTGAAAAGAATGTGACAGTGACACACTCTGTCAACCTGCTTGAGAACAGTCACAATGGAAAACTATGTCTATTAAAAGGAATAGCCCCACTACAATTGGGTAACTGCAGCGTTGCCGGGTGGATCTTAGGAAACCCAGAGTGCGAATTACTGATTTCCAAGGAGTCATGGTCCTACATTGTAGAAAAACCAAATCCTGAGAATGGAACATGTTACCCAGGGCATTTCGCTGACTATGAGGAACTGAGGGAGCAATTGAGTTCAGTATCTTCATTTGAGAGGTTCGAAATATTCCCCAAAGAAAGCTCATGGCCCAACCACACCGTAACC---GGAGTGTCAGCATCATGCTCCCATAATGGGGAAAGCAGTTTTTACAGAAATTTGCTATGGCTGACGGGGAAGAATGGTTTGTACCCAAACCTGAGCAAGTCCTATGCAAACAACAAAGAAAAAGAAGTCCTTGTACTATGGGGTGTTCATCACCCGCCAAACATAGTTGACCAAAAGACCCTCTATCGTACAGAAAATGCTTATGTTTCTGTAGTGTCTTCACATTATAGCAGAAAATTCACCCCAGAAATAGCCAAAAGACCCAAAGTAAGAGATCAAGAAGGAAGAATCAACTACTACTGGACTCTGCTTGAACCCGGGGATACAATAATATTTGAGGCAAATGGAAATCTAATAGCGCCAAGATATGCTTTCGCACTGAGTAGAGGCTTTGGATCAGGAATCATCAACTCAAATGCACCAATGGATAAATGTGATGCGAAATGCCAAACACCTCAGGGAGCTATAAACAGCAGTCTTCCTTTCCAGAACGTACACCCAGTCACAATAGGAGAGTGTCCAAAGTATGTCAGGAGTGCAAAATTAAGGATGGTTACAGGACTAAGGAACATCCCATCCATTCAATCCAGAGGTTTGTTTGGAGCCATTGCCGGTTTCATTGAAGGGGGGTGGACTGGAATGGTAGATGGTTGGTATGGTTATCATCACCAGAATGAGCAAGGATCTGGCTATGCTGCAGATCAAAAAAGCACACAAAATGCCATTAATGGGATTACAAACAAGGTGAATTCTGTAATTGAGAAAATGAACACTCAATTCACAGCAGTGGGCAAAGAATTCAACAAATTGGAAAGAAGGATGGAAAACTTGAATAAAAAAGTTGATGATGGGTTTATAGACATTTGGACATATAATGCAGAATTGTTGGTTCTACTGGAAAATGAAAGGACTTTGGATTTCCATGACTCCAATGTGAAGAATCTGTATGAGAAAGTAAAAAGCCAGTTAAAGAATAATGCTAAAGAAATAGGAAATGGGTGTTTTGAATTCTATCACAAGTGTAACGATGAATGCATGGAGAGTGTAAAGAATGGAACTTATGACTATCCAAAATATTCCGAAGAATCAAAGTTAAACAGGGAGAAAATTGATGGAGTGAAATTGGAATCAATGGGAGTCTATCAGATTCTGGCGATCTACTCAACAGTCGCCAGTTCTCTGGTTCTTTTGGTCTCCCTGGGGGCAATCAGCTTCTGGATGTGTTCCAATGGGTCTTTGCAGTGTAGAATATGCATC,North_America,swine,2010
A/swan/Wyoming/16-026450-2/2016,43.9133416,-110.6367905,2016.613279,ATGGAAGCAAAACTGTTTGTACTATTCTGTACATTCACTGTACTGAAAGCTGACACCATCTGTGTGGGCTACCATGCAAACAACTCTACAGACACTGTTGACACGGTACTGGAAAAGAATGTAACTGTGACTCACTCAGTGAATTTGCTCGAAGACAGCCATAATGGGAAGCTCTGCAGGCTGAATGGGATAGCTCCTTTACAATTGGGGAAGTGTAATGTAGCGGGGTGGCTCCTGGGCAATCCAGAATGTGATCTTCTACTCACTGCAAACTCGTGGTCCTATATAATAGAGACGTCCAATTCAGAGAACGGGACATGCTATCCCGGTGAATTCATAGATTATGAGGAATTAAGGGAGCAGCTGAGTTCCGTTTCTTCTTTTGAAAAGTTTGAAATTTTCCCCAAGGCAAACTCATGGCCAAACCATGAGACAACCAAAGGTGTTACAGCTGCTTGCTCCTACTCTGGGGCTAGCAGTTTTTATCGAAATTTGCTGTGGATAACAAAGAAGGGGACTTCATATCCAAAACTCAGCAAATCATACACGAACAATAAGGGGAAAGAAGTGCTCGTGCTCTGGGGAGTGCACCATCCTCCGACCACCAGTGAACAACAAAGTCTATATCAGAATACTGATGCATATGTCTCAGTTGGGTCATCAAAGTACAACCGGAGATTCACCCCAGAGATAGCAGCTAGACCCAAAGTTAGAGGGCAGGCAGGCAGAATGAACTATTATTGGACACTATTAGACCAAGGGGACACCATAACATTTGAGGCCACTGGGAACCTGATAGCACCATGGTATGCCTTCGCACTAAATAAAGGATCTGATTCAGGAATTATAACATCAGATGCTCCAGTTCACAATTGCGACACAAGATGCCAAACCCCCCATGGAGCGTTGAACAGTAGCCTCCCTTTCCAGAATGTGCATCCTATCACCATTGGAGAATGTCCCAAATATGTCAAGAGCACCAAGTTAAGAATGGCAACAGGACTAAGAAATGTCCCTTCCATTCAATCCAGAGGACTATTTGGAGCAATTGCCGGATTCATTGAAGGAGGATGGACAGGCATGATAGATGGATGGTATGGGTACCACCACCAGAATGAACAAGGATCAGGATATGCCGCTGATCAGAAAAGCACACAGAATGCAATTGATGGAATAACAAATAAGGTGAATTCGGTAATTGAGAAAATGAACAATCAATTCACTGCAGTGGGGAAAGAATTCAACGACCTAGAGAGGAGAATTGAGAATCTGAATAAAAAGGTCGATGATGGGTTTCTAGATGTTTGGACATACAATGCTGAACTGCTCGTTCTGCTGGAAAATGAAAGAACTCTTGACTTTCATGATTCCAATGTGAGGAATTTGTATGAGAGAGTCAAATCGCAACTGAGAAATAACGCCAAAGAAATTGGAAATGGTTGCTTTGAGTTCTATCACAAGTGTGATGATGAGTGTATGGAAAGTGTGAAGAACGGCACATATGATTACCCCAAATATTCAGAAGAATCTAAGTTGAATCGAGAAGAAATAGACGGAGTGAAACTAGAGTCGATGGGAGTTTACCAAATTTTGGCGATCTATTCCACAGTCGCCAGTTCCTTGGTCTTGTTAGTCTCCCTGGGGGCAATCAGCTTCTGGATGTGCTCTAATGGGTCATTGCAATGCAGAATATGCATT,North_America,swine,2017
A/swine/Argentina/CIP051-BsAs76/2009,-34.6075616,-58.437076,2009.752225,ATGAAAGTAAAACTATTGGTTCTGTTGTGTACATTTACTGCTACACACGCAGACACAATATGTATAGGCTACCATGCCAACAACTCAACAGACACTGTTGACACAGTACTTGAGAAGAATGTGACAGTGACACACTCTGTCAACCTACTTGAGAGCAGTCACAATGGAAAACTATGTCTACTAAAGGGAATAGCCCCACTACAATTGGGTAACTGCAGCGTTGCCGGATGGATCTTAGGAAACCCAGAATGCGAATTACTGATTTCCAAGGAATCATGGTCCTACATTGTAGAAACACCAAATCCTGAGAATGGAACATGTTACCCAGGGTATTTCGCCAACTATGAGGAACTGAGGGAGCAATTGAGTTCAGTATCTTCATTTGAGAGGTTCGAAATATTCCCCAAAGAGAGCTCATGGCCCAACCACACCGTAACC---GGAGTATCAGCATCATGCTCCCACAACGGGAAGAGCAGTTTTTACAGAAATTTGCTATGGCTGACAGGGAAGAATGGTTTGTACCCAAACCTGAGCAAGTCTTATGCAAACAACAAAGAGAAAGAAGTCCTTGTACTATGGGGTGTTCACCACCCGCCTAACATGGGGGACCAAAGGGCTCTCTATCATACAGAAAATGCTTATGTCTCTGTAGTGTCTTCACATTATAGCAGAAAATTCACCCCAGAAATAACCAAAAGACCCAAGGTGAGAGACCAAGAAGGAAGGATCAACTATTACTGGACTCTGCTGGAACCCGGGGATACAATAATATTTGAGGCAAATGGAAATCTAATAGCGCCAAGGTTTGCTTTCGCACTGARTAGAGGCTTTGGATCAGGAATCATCACCTCAAATGCACCAATGGATGATTGTGATGCGAAGTGTCAAACACCTCATGGAGCTATAAACAGCAGTCTTCCTTTCCAGAATGTACATCCAGTCACAATAGGAGAGTGTCCAAAGTATGTCAGGAGTGCAAAATTAAAGATGGTTACAGGATTAAGGAACATCCCATCCATTCAATCCAGAGGTTTGTTTGGAGCCATTGCCGGTTTCATTGAAGGGGGGTGGACTGGAATGGTAGATGGTTGGTATGGTTATCATCATCAGAATGAGCAAGGATCTGGGTATGCTGCAGATCAAAAAAGCACACAAAATGCCATTAACGGGGTTACCAACAAGGTGAATTCTGTAATTGAGAAAATGAACACTCAATTCACAGCTGTGGGCAAAGAATTCAACAAACTGGAAAGAAGGATGGAAAACTTAAATAAAAAAGTTGATGATGGATTTCTAGACATTTGGACATATAATGCTGAATTGTTGGTTCTACTGGAAAATGAAAGGACGTTGGATTTCCATGACTCCAACGTGAAGAACCTGTATGAGAAAGTAAAAAGCCAACTAAAGAACAATGCCAAAGAAATAGGAAACGGGTGTTTTGAATTCTATCACAAGTGTAACGATGAATGCATGGAGAGTGTGAAAAATGGAACTTATGACTATCCAAAATATTCCGAAGAATCAAAGTTAAACAGGGAGAAAATTGATGGAGTGAAATTGGAATCAATGGGAGTCTATCAGATTCTGGCGATCTACTCAACAGTCGCCAGTTCCCTGGTTCTTTTGGTCTCCCTGGGGGCAATCAGCTTATGGATGTGTTCCAATGGGTCTTTGCAGTGTAGGATATGCATT,South_America,swine,2010
A/swine/Colorado/A01555119/2014,38.7251776,-105.6077167,2014.926762,ATGAAAGTAAAACTACTGATCCTGTTATGTACATTTACAGCTGCATATGCGGACACAATATGTATAGGATACCATGCCAACAACTCAACCGATACTGTTGACACTGTACTTGAAAAGAATGTGACAGTGACACACTCAGTCAACCTACTTGAGGACAGTCACAATGGAAAGCTGTGCCTATTAAAGGGAATAGCCCCCCTACAATTGGGTAATTGCAGCGTTGCCGGATGGATATTAGGAAATCCAGAATGCGAATCACTGATTTCCAAGGAATCATGGTCCTACATTGTAGAAGCACCCAATTCTGATAATGGTGCATGTTACCCAGGGCAGTTCGCCGACTATGAGGAGCTAAGGGAGCAATTGAGTTCAGTGTCTTCATTTGAGAGATTCGAAATATTCCCCAGAGAAAGTTCATGGCCCAACCACACTGTAACC---GGAGTGTCAGCCTCATGCTCCCATAATGGGAAAGGAAGTTTTTACAGAAATCTGATCTGGCTGACAGTGAAAAATGGTTTGTACCCAAACCTGAGCAAGTCCTATGAAAACGACAAAGGGAAAGAAGTCCTTATATTATGGGGTGTTCATCATCCGTCTAACATAGGAGACCAAAAGACCCTCTATCACACGGAAAATGCTTATGTCTCTGTAATGTCTTCACATTATAGCAGAAGATTTACCCCAGAAATAACCAAAAGGCCCAAAGTAAGAGATCAAGAAGGAAGAATCAACTACTACTGGACTATGCTGGAACCCGGAGATACAATAATATTTGAGACAAATGGAAATCTAATAGCTCCATGGTATGCTTTCGCACTGAGTAGAGGTCTTGGATCAGGAATCATCACCTCTAAAGCACCAATGGAYGAGTGTGATGCAAAGTGTCAAACACCTAAGGGAGCTATAAACAGCAATCTTCCTTTCCAGAATGTACATCCAGTAACAATAGGAGAATGTCCCAAATATGTCAGAAGTACAAAATTAAGGATGGTAACAGGACTAAGGAACATCCCATCCATTCAATCCAGAGGTTTGTTTGGGGCCATTGCCGGTTTCATTGAAGGGGGATGGACTGGAATGGTAGATGGGTGGTATGGTTATCATCATCAGAATGAGCAAGGATCTGGATATGCTGCAGATCAAGARAGCACACAAAATGCCATTAACGGAATTACAAACAAGGTGAATTCCGTAATTGAGAAAATGAACACTCAATTCACAGCTGTGGGCAAAGAATTCAACAAATTGGAAAGAAGGATGGAAAATTTAAATAAAAAGGTTGATGATGGGTTTCTAGACATTTGGACATACAATGCAGAGTTGCTGGTTCTATTGGAAAATGAAAGAACTTTGGACTTCCACGATTCCAATGTGAAGAGTCTGTACRAGAAAGTAAAAAGCCAATTAAAGAATAATGCTAAAGAAATAGGAAATGGGTGCTTTGAATTCTATCACAAGTGTAACAACGAATGCATGGAGAGTGTTAGAAATGGAACCTATGACTATCCAAAATATTCCGAAGAATCAAAGTTAAACAGGGAAAAAATTGATGGAGTGAAGTTGGACTCAATGGGGGTCTATCGGATTCTGTCGATCTACTCAACTGTWGCCAGTTCCCTGGTTCTTTTGGTCTCCCTGGGGGCAATCAGCTTCTGGATGTGTTCCAATGGGTCTTTACAATGTAGAATATGCATC,North_America,swine,2015
A/swine/Fujian/FZ/2008,26.5450001,117.842778,2008.232717,ATGAAAGCAAAACTACTGGTCCTGTTATGTACATTTACAGCTACATATGCAGACACAATATGTATAGGATACCATGCCAACAACTCAACCGACACTGTTGACACAGTACTTGAGAAGAATGTGACAGTGACACACTCTGTCAACCTACTTGAGGACAGTCACAATGGAAAACTATGTCTACTAAAAGGAATAGCCCCACTACAATTGGGTAATTGCAGCGTTGCCGGATGGATCTTAGGAAACCCAGAATGCGAATTACTGATTTCCAAGGAATCATGGTCCTACATTGTAGAAACACCAAATCCTGAGAATGGAACATGTTACCCAGGGTATTTCGCCGACTATGAGGAACTGAGGGAGCAATTGAGTTCAGTATCTTCATTTGAGAGATTCGAAATATTCCCCAAAGAAAGCTCATGGCCCAACCACACCGTAACC---GGAGTATCGGCATCATGCTCCCATAATGGGAAAAGCAGTTTTTACCGAAATTTGCTATGGCTGACGGGGAAGAATGGTTTGTACCCAAACCTGAGTAAGTCCTATGCAAACAACAAAGAGAAAGAAGTCCTTGTACTATGGGGTGTTCATCACCCGCCTAACATAAGGGACCAAAGGGCCCTCTATCATACAGAAAATGCTTATGTCTCTGTAGTGTCTTCACATTATAGCAGACGATTCACCCCAGAAATAGCCAAAAGACCCAAAGTAAGAGGTCAGGAAGGAAGAATCAACTACTACTGGACTCTGCTGGAACCCGGGGATACAATAATATTTGAGGCAAATGGAAATTTAATAGCGCCATGGTATGCTTTCGCACTGAGTAGAGGCTTTGGATCAGGAATCATCACCTCAAATGCACCAATGGATGAATGTGATGCGAAGTGTCAAACACCTCAGGGAGCTATAAACAGCAGTCTTCCTTTCCAGAATGTACACCCAGTCACAATAGGAGAGTGTCCAAAGTATGCCAGGAGTGCAAAATTAAGGATGGTTACAGGACTAAGGAACATCCCATCCATTCAATCCAGAGGTTTGTTTGGAGCCATTGCCGGTTTCATTGAAGGGGGGTGGACTGGAATGGTAGATGGGTGGTATGGTTATCATCATCAGAATGAGCAAGGATCTGGCTATGCTGCAGATCAAAAAAGCACACAAAATGCCATTAACGGGATTACAAACAAGGTGAATTCTGTAATTGAGAAAATGAACACTCAATTCACAGCTGTGGGCAAAGAATTCAACAAATTGGAAAGAAGGATGGAAAACTTAAATAAAAAAGTTGATGATGGGTTTCTAGACATTTGGACATATAATGCAGAATTGTTGGTTCTACTGGAAAATGAAAGGACTTTGGATTTCCATGACTCCAATGTGAAGAATCTGTATGAGAAAGTAAAAAGCCAATTAAAGAATAATGCCAAAGAAATAGGAAACGGGTGTTTTGAATTCTATCACAAGTGTAACAATGAATGCATGGAGAGTGTGAAAAATGGAACTTATGACTATCCAAAATATTCCGAAGAATCAAAGTTAAACAGGGAGAAAATTGATGGAGTGAAATTGGAATCAATGGGAGTCTATCAGATTCTGGCGATCTACTCAACTGTCGCCAGTTCCCTGGTTCTTTTGGTCTCCCTGGGGGCAATCAGCTTCTGGATGTGTTCCAATGGGTCTTTGCAGTGTAGAATATGCATC,Northeast_Asia,swine,2008
A/swine/Hong Kong/1435/2006,22.2793278,114.1628131,2006.781656,ATGAAAGTAAAACTACTGGTCCTATTATGCACATTTACAGCTATATATGCAGACACAATATGTATCGGCTACCATGCCAACAACTCAACCGACACTGTTGACACAGTACTTGAAAAAAATGTGACAGTGACACACTCTGTCAACCTGCTTGAGGACAACCACAATGGAAAACTATGTCTATTAAAAGGAATAGCCCCATTACAATTGGGTAATTGCAGCATTGCCGGGTGGATCTTAGGAAACCCAGAATGCGAATTACTGATTTCCAAGGAGTCATGGTCCTACATTGTAGAAAAACCAAATCCTGAGAATGGAACATGTTACCCAGGGCATTTCGCCGACTATGAGGAACTGAGGGAGCAATTGAGTTCAGTATCTTCATTTGAGAGGTTCGAAATATTCCCCAAAGAAAGCTCATGGCCCAACCACACCGTAACC---GGAGTATCAGCATCATGCTCCCATAATGGGGAAAGCAGCTTTTACAAAAATTTGTTATGGCTGACGGGAAAGAATGGTTTGTACCCAAACCTGAGCAAGTCCTATGCAAACAACAAAGAGAAAGAAGTCCTCGTACTATGGGGTGTTCATCACCCGCCAAACATAGGTGACCAAAGTACCCTCTATCATAAAGAAAATGCTTATGTCTCTGTAGTGTCTTCACATTATAGCAGAAAATTCACCCCAGAAATAGCCAAAAGACCCAAAGTAAGAGATCAAGAAGGAAGAATCAACTACTACTGGACTCTGCTTGAACCCGGGGATACAATAATATTTGAGGCAAATGGAAATCTAATAGCGCCAAGATATGCTTTCGCACTGAGTAGAGGCTTTGGATCAGGAATCATCAACTCAAATGCACCAATGGATGAATGTGATGCGAAGTGCCAAACACCTCAGGGAGCTATAAACAGCAGTCTTCCTTTCCAGAATGTACACCCAGTCACAATAGGAGAATGTCCAAAGTATGTCAGGAGTGCAAAATTAAGGATGGTTACAGGACTAAGGAACATCCCATCCATTCAATCCAGAGGTTTGTTTGGAGCCATTGCCGGTTTCATTGAAGGGGGGTGGACTGGAATGGTAGATGGTTGGTATGGTTATCACCACCAGAATGAGCAAGGATCTGGCTATGCTGCAGATCAAAAAAGCACACAAAATGCCATTAATGGGATTACAAACAAGGTAAATTCTGTAATTGAGAAGATGAACACTCAATTCACAGCTGTGGGCAAAGAATTCAACAAATTGGAAAGAAGGATGGAAAACTTAAATAAAAAAGTTGATGACGGGTTTATAGACGTTTGGACATATAATGCAGAACTGTTGGTTCTACTGGAAAATGAAAGGACTTTGGATTTCCATGACTCCAATGTGAAGAATTTGTATGAGAAAGTAAAAAACCAATTAAAGAATAATGCCAAAGAAATAGGAAATGGGTGTTTTGAATTTTATCACAAGTGTAACGATGAATGCATGGAGAGTGTAAAAAATGGAACTTATGACTATCCAAAATATTCCGAAGAATCAAAGTTAAGCAGGGAGAAAATTGATGGAGTGAAATTGGAATCAATGGGAGTCTATCAGATTCTGGCGATCTACTCAACAGTCGCCAGTTCTCTGGTTCTTTTGGTCTCCCTGGGGGCAATCAGCTTCTGGATGTGTTCCAATGGGTCTTTGCAGTGTAGAATATGCATT,Northeast_Asia,swine,2007
A/swine/Illinois/02757/2009,40.0796606,-89.4337288,2009.32512,ATGAAAGTAAAACTACTGGTCCTGTTATGCACATTTACAGCTACATATGCAGACACAATATGTATAGGCTACCATGCTAACAACTCGACCGACACTGTTGACACAGTACTTGAAAAGAATGTGACAGTGACACACTCTGTCAACCTGCTTGAGAACAGTCACAATGGAAAACTATGTCTATTAAAAGGAATAGCCCCACTACAATTGGGTAACTGCAGCGTTGCCGGGTGGATCTTAGGAAACCCAGAATGCGAATTACTGATTTCCAAGGAGTCATGGTCCTACATTGTAGAAAAACCAAATCCTGAGAATGGAACATGTTACCCAGGGCATTTCGCTGACTATGAGGAACTGAGGGAGCAATTGAGTTCAGTATCTTCATTTGAGAGGTTCGAAATATTCCCCAAAGAAAGCTCATGGCCCAACCACACCGTAACC---GGAGTGTCAGCATCATGCTCCCATAATGGGGAAAGCAGTTTTTACAGAAATTTGCTATGGCTGACGAGGAAGAATGGTTTGTACCCAAACCTGAGCAAGTCCTATGCAAACAACAAAGAAAAAGAAGTCCTTGTACTATGGGGTGTTCATCACCCGCCAAGCATAAGTGACCAAAAGACCCTCTATCATACAGAAAATGCTTATGTTTCTGTAGTGTCTTCACATTATAGCAGAAAATTCACCCCAGAAATAGCCAAAAGACCCAAAGTAAGAGATCAAGAAGGAAGAATCAACTACTACTGGACTCTGCTTGAACCCGGGGATACAATAATATTTGAGGCAAATGGAAATCTAATAGCGCCAAGATATGCTTTCGCACTGAGTAGAGGCTTTGGATCAGGAATCATCAACTCAAATGCACCAATGGATAAATGTGATGCGAAGTGCCAAACACCTCAGGGAGCTATAAACAGCAGTCTTCCTTTCCAGAACGTACACCCAGTCACAATAGGAGAGTGTCCAAAGTATGTCAGGAGTGCAAAATTAAGGATGGTTACAGGACTAAGGAACATCCCATCCATTCAATCCAGAGGTTTGTTTGGAGCCATTGCCGGTTTCATTGAAGGGGGGTGGACTGGAATGGTAGATGGTTGGTATGGTTATCATCATCAGAATGAGCAAGGATCTGGCTATGCTGCAGATCAAAAAAGCACACAAAATGCCATTAATGGGATTACAAACAAGGTGAATTCTGTAATTGAGAAAATGAACACTCAATTCACAGCAGTGGGCAAAGAATTCAACAAATTGGAAAGAAGGATGGAAAACTTGAATAAAAAAGTTGATGATGGGTTTATAGACATTTGGACATATAATGCAGAACTATTGGTTCTACTGGAAAATGAAAGGACTTTGGATTTCCATGACTCCAATGTGAAGAATCTGTATGAGAAAGTAAAAAGCCAGCTAAAGAATAATGCTAAAGAAATAGGAAATGGGTGTTTTGAATTCTATCACAAGTGTAACGATGAATGCATGGAGAGTGTAAAGAATGGAACTTATGACTATCCAAAATACTCCGAAGAATCAAAGTTAAACAGGGAGAAAATTGATGGAGTGAAATTGGAATCAATGGGAGTCTATCAGATTCTGGCGATCTACTCAACAGTCGCCAGTTCTCTGGTTCTTTTGGTCTCCCTGGGGGCAATCAGTTTCTGGATGTGTTCCAATGGGTCTTTGCAGTGTAGAATATGCATC,North_America,swine,2009
A/swine/Iowa/07-9871/2007,41.9216734,-93.3122705,2007.271732,ATGGAAGTAAAACTACTGGTTCTGTTATGTACATTTACAGCTACATATGCAGACACCATATGTATAGGCTACCATGCCAACAACTCAACCGACACTGTTGACACAGTACTTKAGAAGAATGTGACAGTAACACACTCTGTCAACCTACTTGAGGACAGTCACAATGGAAAATTATGTCTACTAAAAGGAATAGCTCCACTACAATTGGGTAATTGCAGCGTTGCCGGATGGATCTTAGGAAACCCAGAGTGCGAATTGCTGATTTCCAAGGAATCATGGTCCTACATTGTAGAAACACCAAATCCTGAGAATGGAACATGTTACCCAGGGTATTTCACCGACTATGAGGAACTGAGGGAGCAATTGAGTTCAGTATCTTCATTTGAGAGGTTCGAAATATTCCCCAAAGAGAGCTCATGGCCCAACCACACCGTAACC---GGAGTATCAGCATCATGCTCCCATAACGGGAAAAGCAGCTTTTACAGAAATTTGCTATGGCTGACGAGGAAGAACGGTTTGTACCCAAACCTGAGCAAGTCCTATACAAACGACAAAGAGAAAGAAGTCCTTGTACTATGGGGTGTTCATCACCCGTCTAACATAGGGGACCAAAGGGCCCTCTATCATACAGAAAATGCTTATGTCTCTGTAGTGTCTTCACATTATAGCAGAAGATTCACCCCAGAAATAGCCAAAAGACCCAAGGTGAGAGATCAGGAAGGAAGAATCAACTACTACTGGACTCTGCTGGAACCCGGGGATACAATAATATTTGAGGCAAATGGGAATCTAATAGCGCCAAGGTATGCTTTCGCACTGAGTAGAGGCTTTGGATCAGGAATCATCACCTCAAATGCACCAATGGATGAATGTAATGCGAAGTGTCAAACACCTCAGGGAGCTATAAACAGCAGTCTTCCTTTCCAGAATGTACACCCAGTCACAATAGGAGAGTGTCCAAAGTATGTCAGGAGTGCAAAATTAAGGATGGTTACAGGACTAAGGAACACCCCATCCATTCAATCCAGAGGTTTGTTTGGAGCCATTGCCGGTTTCATTGAAGGAGGGTGGACTGGAATGGTAGATGGTTGGTATGGTTATCATCATCAGAATGAGCAAGGATCTGGATATGCTGCAGATCAAAAAAGCACACAAAATGCCATTAATGGGATCACAAACAAGGTGAATTCTGTAATTGAGAAAATGAACACTCAATTCACAGCTGTGGGCAAAGAATTCAACAAATTGGAAAGAAGGATGGAAAACTTAAATAAAAAGGTTGATGATGGGTTTCTAGACATTTGGACATATAATGCAGAATTGTTAGTTCTACTGGAAAATGAAAGGACTTTGGATTTCCATGACTCCAACGTGAAGAATCTGTATGAGAAAGTAAAAAGCCAATTAAAGAATAATGCCAAAGAAATAGGAAACGGGTGTTTTGAATTCTATCACAAGTGTAACGATGAATGCATGGAGAGTGTGAAAAATGGAACTTATGACTATCCAAAATATTCCGAAGAGTCAAAGTTAAACAGGGAGAAAATTGATGGAGTGAAATTGGAATCAATGGAAGTCTATCAGATCCTGGCGATCTACTCAACAGTCGCCAGTTCTCTAGTCTTTTTAGTCGCCCTGGGGGCAATCAGCTTCTGGATGTGTTCCAATGGGTCTTTACAGTGTAGAATATGCATC,North_America,swine,2007
A/swine/Minnesota/03000/2010,45.9896587,-94.6113288,2010.26694,ATGAAAGTAAAACTACTGATCCTGTTATGTACATTTACAGCTACATATGCGGACACATTATGTATAGGCTACCATGCCAACAACTCAACCGACACAGTTGACACAGTACTTGAGAAGAATGTAACAGTTACACACTCTGTCAACCTACTTGAGGACAATCACAATGGAAAGCTGTGCCTACTAAAGGGAATAGCCCCCCTACAATTGGGTAATTGCAGCGTTGCCGGATGGATCTTAGGAAACCCAGAATGCGAATTACTGATTTCCAAGAAATCATGGTCCTACATTGTAGAAACACCAAATCCTGAGAATGGAGCATGTTACCCAGGGTATTTCGCCGACTATGAGGAGCTAAGGGAGCAATTGAGTTCAGTATCTTCATTTGAGAGATTCGAAATATTCCCTAAAGAAAGCTCATGGCCCGACCACAACGTAAAC---GGAGTATCAGCATCATGCTCCCATAATGGGAAAAGCAGTTTTTACAGAAATCTGCTATGGCTGACGAGGAAAAATGGTTTGTACCCAAACCTGACCATGTCCTATGCAAACGACAAAGAGAAAGAAGTCCTTATACTATGGGGTGTTCACCACCCGTCTAACATAGGGGACCAAAGGACCCTCTATCACATAGAAAATGCTTATGTCTCTGTAATGTCTTCGCATTACAGCAGAAGATTCACCCCAGAAATAACCAAAAGGCCCAAAGTAAGAGATCAGGAAGGAAGAATCAACTACTACTGGACTCTGCTAGAACCCGGGGATACAATAATATTTGAGGCAAATGGGAATCTAATAGCGCCATGGTATGCTTTCGCACTGAGTAGAGGCTTTGGATCAGGAATCATCACCTCAAGTGCACCAATGGATGAATGTGATGCGAAATGTCAAACACCTCAAGGAGCTATAAACAGCAGTCTTCCTTTCCAGAATGTACACCCAGTCACAATAGGAGAATGCCCAAAGTATGTCAGGAGTGCAAAATTAAGGATGGTTACAGGACTAAGGAACATCCCATCCATTCAATCCAGAGGTTTGTTTGGAGCCATTGCCGGTTTCATTGAAGGGGGGTGGACTGGAATGGTAGATGGGTGGTATGGTTATCATCATCAAAATGAGCAAGGATCTGGCTACGCTGCAGATCAAGAAAGCACACAAAATGCCATCAATGGGATTACAAACAAGGTGAATTCTGTGATTGAGAAAATGAACACTCAATTCACAGCTGTGGGCAAAGAATTCAACAAATTGGAAAGAAGGATGGAAAACTTAAATAAAAAGGTTGATGATGGGTTTATAGACATTTGGACATATAATGCAGAGTTGTTGGTTCTACTGGAGAATGAAAGAACTTTGGATTTCCATGACTCCAATGTGAAAAATCTGTACGAGAAAGTAAAAATCCAATTAAAGAATAATGCCAAAGAAATAGGAAATGGGTGCTTTGAATTCTATCACAAGTGTAACAATGAATGCATGGAGAGTGTGAGAAATGGAACTTATGACTATCCAAAATATTCCGAAGAATCAAAGTTAAACAGGGAAAAAATTGATGGAGTGAAATTGGACTCAATGGGGGTATATCAGATTCTGGCGATTTACTCAACTGTCGCCAGTTCCCTGGTTCTTTTGGTCTCCCTGGGGGCAATCAGCTTCTGGATGTGTTCCAATGGGTCTTTGCAATGTAGAATATGCATC,North_America,swine,2010
A/swine/Minnesota/6004-1/2009,45.9896587,-94.6113288,2009.886379,ATGAAAGTAAAACTACTGGTTCTGTTATGTACATTTACAGCTACATATGCAGACACAATATGTATAGGGTACCATGCCAACAACTCGACCGACACTGTTGACACAGTACTTGAGAAGAATGTGACAGTGACACACTCTGTCAACCTACTTGAGGACAGTCACAATGGAAAACTATGTCTACTAAAAGGAATAGCCCCACTACAATTGGGTAATTGCAGCGTTGCCGGATGGATCTTAGGAAACCCAGAATGCGAATCACTGATTTCCAAGGAATCATGGTCCTACATTGTAGAGACACCAAATCCTGAGAATGGAACATGTTACCCAGGGTATTTCGCCGACTATGAGGAGCTGAGAGAGCAATTGAGTTCAGTATCTTCATTTGAGAGGTTCGAAATATTCCCCAAAGAGAGCTCATGGCCCAACCACACCGTAACC---GGAGTATCAGCATCATGCTCCCATAACGGGAAAAGCAGTTTTTACAGAAATTTGCTATGGCTGACGAGGAAGAATGGTTTGTATCCAAACCTGAGCAAGTCCTATGCAAACAACAAAGAGAAAGAAGTCCTTGTACTGTGGGGTGTTCATCACCCGCCTAACCTAGGGGACCAAAGGGCCCTCTATCATACAGAAAATGCTTATGTCTCTGTAGTGTCTTCACATTATAGCAGAAGATTCACCCCAGAAATAGCCAAAAGACCCAAGGTGAGAGATCAGGAAGGAAGAATCAACTACTACTGGACTCTGCTTGAACCCGGGGATACAATAATATTTGAGGCAAATGGAAATCTAATAGCGCCAAGGTTTGCTTTCGCACTGAGTAGAGGCTTTGGATCAGGAATCATCACCTCAAATGCACCAATGGATGAATGTGATGCGAAATGTCAAACACCTCAGGGAGCTATAAACAGCAGTCTTCCTTTCCAGAATGTACACCCAGTCACAATAGGAGAGTGTCCAAAGTATGTCAGGAGTACAAAATTAAGAATGGTTACAGGACTAAGGAACATCCCATCCATTCAATCCAGAGGTTTGTTTGGAGCCATTGCCGGTTTCATTGAAGGGGGGTGGACTGGAATGGTAGATGGTTGGTATGGTTATCACCATCAGAATGAGCAAGGATCTGGGTATGCTGCAGATCAAAAAAGCACACAAAATGCCATTAACGGGATTACAAACAAGGTGAATTCTGTAATTGAGAAAATGAACACTCAATTCACAGCTGTGGGCAAAGAATTCAACAAATTGGAAAGAAGGATGGAAAACTTAAATAAAAAAGTTGATGATGGGTTTCTAGACATTTGGACATATAACGCAGAATTGTTGGTTCTACTGGAAAATGAAAGGACTTTGGACTTCCATGACTCCAACGTGAAGAATCTGTATGAGAAAGTAAAAAGCCAATTAAAGAATAATGCCAAAGAAATAGGAAACGGGTGTTTTGAATTCTATCACAAGTGTAACGATGAATGCATGGAAAGTGTGAAAAATGGAACTTATGACTATCCAAAATATTCCGAAGAATCAAAGTTGAACAGGGAGAAAATTGATGGAGTGAAATTGGAATCAATGGGAGTCTATCAGATTTTGGCGATCTACTCAACAGTCGCCAGTTCCCTGGTTCTTTTGGTCTCCCTGGGGGCAATCAGCTTCTGGATGTGTTCCAATGGGTCTTTGCAGTGTAGAATATGCATC,North_America,swine,2010
A/swine/Minnesota/A01116365/2011,45.9896587,-94.6113288,2011.756331,ATGAAAGTAAAACTACTAATCCTGTTATGTACATTTACAGCTACATATGCGGACACAATATGTATAGGATACCATGCCAACAACTCAACCGAAACTGTTGACACAGTACTTGAAAAGAATGTGACAGTGACACACTCTGTCAACCTACTTGAGGACAGTCACAATGGGAAGCTATGCCTACTAAAAGGAATAGCCCCCCTACAATTGGGTAATTGCAGCGTTGCCGGATGGATATTAGGAAACCCAGAATGCGAATCACTGATTTCCAAGAAATCATGGTCCTACATTGTAGAAACACCAAATCCTGAGAATGGAGCATGTTACCCAGGGGAGTTCGCCGACTATGAGGAGCTAAGGGAGCAATTGAGTTCAGTATCTTCATTTGAGAGATTCGAAATATTCCCCAAAGAAAGCTCATGGCCCAACCACACTGCAACC---GGAGTGTCAGCATCATGCTCCCATAATGGGGAAAGAAGTTTTTACAGAAATATGATATGGCTGACAGTGAAAAATGGTTTGTACCCAAACCTGAGCAAGTCCTATAAAAATGACAAAGAGAAAGAAGTCCTTATACTATGGGGTGTTCATCATCCGCCTAACATAGAGAACCAAAGGACCCTCTATCACACAGAAAATGCTTATGTCTCTGTAGTGTCTTCACATTATAGCGGAAGATTCACCCCAGAAATAACCAAAAGGCCCAAAGTAAGAGATCAGGAAGGAAGAATCAACTACCACTGGACTTTGCTGGAACCCGGGGATACAATAATATTTGAGGCAAATGGAAATCTAATAGCGCCATGGTACGCTTTCACACTGAGTAGAGGCATTGGATCAGGAATCATCACCTCTAACGCACCAATGGACGAATGTTATGCGAAGTGTCAAACACCTCAGGGAGCTATAAACAGCAGTCTCCCTTTCCAGAATGTACACCCAGTCACAATAGGAGAATGTCCAAAGTATGTCAGGAGTGCAAAATTAAGGATGGTTACAGGACTAAGGAACATCCCATCCATTCAATCCAGAGGTTTGTTTGGGGCCATTGCCGGTTTCATTGAAGGGGGGTGGACTGGAATGGTAGATGGGTGGTATGGTTATCATCATCAGAATGAGCAGGGATCTGGCTATGCTGCAGATCAAGAAAGCACACAAAATGCCATTAACGGGATTACAAACAAAGTGAATTCTGTAATTGAGAAAATGAACACTCAATTCACGGCTGTGGGCAAGGAATTCAACAAATTGGAAAGAAGGATGGAGAACTTAAATAAAAAGGTTGATGATGGGTTTCTAGACATTTGGACATACAATGCAGAGTTGTTGGTTCTACTGGAAAATGAAAGAACTTTGGACTTCCACGACTCCAATGTGAAGAGTCTGTACGAGAAAGTAAAAAGCCAATTAAAGAATAATGCTAAAGAAATAGGGAATGGGTGCTTTGAATTCTATCACAAGTGTAACAACGAATGCATGGAGAGTGTGAAAAATGGAACTTATGACTATCCAAAATATTCCGAAGAATCAAAGTTAAACAGAGAAAAAATTGATGGAGTTAAATTGGACTCAATGGGGGTCTATCGGATTCTGGCGATCTACTCAACTGTCGCCAGTTCCCTAGTTCTTTTGGTCTCCCTGGGGGCAATCAGCTTCTGGATGTGTTCCAATGGGTCTTTGCAATGTAGAATATGCATC,North_America,swine,2012
A/swine/Minnesota/A01785239/2016,45.9896587,-94.6113288,2016.780287,ATGAAAGTAAAACTACTGATCCTGTTATGCACATTTACAGCTACATATGCGGACACGATATGTATAGGATACCATGCCAACAACTCAACTGACACTGTTGATACAGTACTTGAAAAGAATGTAACAGTAACACATTCTGTCAACCTACTTGAGGACAGTCACAATGGGAAGCTGTGCCTACTAAAGGGAATAGCCCCCCTACAACTGGGTAATTGCAGCGTTGCTGGATGGATATTAGGAAACCCAGAGTGCGAATCACTGATTTCCAAGAAATCATGGTCCTACATTGTAGAAACACCAAATTCTGAGAATGGAGCATGTTACCCAGGGGACTTCACCGACTATGAAGAGCTGAGGGAGCAATTGAGTTCAGTATCTTCATTTGAGAGATTCGAAATATTCCCTAAAGAAAGCTCATGGCCCAACCACACTGCAACC---GGAAAGTCAGCATCATGCTCCCATAATGGGGAAGGAAGTTTTTACAGAAATCTGGTATGGCTGACAGAGAAAAATGGTTTGTACCCAAACCTGAGCAAGTCCTATAAAAACAACAAGGAGAAAGAAGTCCTTATACTATGGGGTGTCCACCATCCGCCTGACATAGAGAACCAAAGGACCCTATATCGCAAAGATGATGCTTATGTCTCTGTAGCATCTTCACATTATAGCGGAAGATTCACCCCAGAAATAACCAAAAGGCCCAAAGTAAGAAATCAGGAAGGAAGAATCAACTACTACTGGACTCTGCTAGAACCCGGGGATACGATAATATTTGAGGCAAATGGAAATCTAATAGCGCCATGGTATGCTTTCACACTGAGTAGAGGCCTTGGATCAGGAATCATCACCTCAAATGCACCTATGGACGAATGTGATACAAAGTGTCAAACACCTCAGGGAGCTATAAACAGCAGTCTTCCGTTCCAGAATGTACACCCAGTCACAATAGGAGAATGTCCAAAGTATGTCAGAAGTGCTAAATTAAGGATGGTTACAGGACTAAGGAACATCCCATCCATTCAATCCAGAGGGTTGTTTGGGGCCATTGCCGGTTTCATTGAAGGGGGGTGGACTGGAATGGTAGATGGGTGGTATGGTTACCATCATCAGAATGAGCAGGGATCTGGCTATGCTGCAGATCAAGAAAGCACACAAAATGCCATTAATGGGATTACAAACAAGGTGAATTCTGTAATTGAGAAAATGAATACTCAATTCACAGCTGTGGGCAAGGAATTCAACAAATTGGAAAGAAGAATGGAAAACTTGAATAAAAAGGTTGATGATGGGTTTCTAGACATTTGGACATACAATGCAGAGTTGTTGGTTCTACTGGAAAATGAAAGAACTTTGGACTTTCATGACTCCAATGTGAAGAGTCTGTATGAGAAAGTGAAAAACCAATTAAGGAATAATGCTAAAGAAGTAGGGAATGGGTGCTTTGAATTCTATCACAAGTGTAACAACGAATGCATGGAGAGTGTGAAAAATGGAACTTATGACTATCCAAAATATTCCGAAGAATCAAAATTAAACAGGGAAAAAATTGATGGAGTTAAATTGGACTCAATGGGGGTCTATCGGATTCTGGCGATTTATTCAACTGTCGCCAGTTCCCTAGTTCTTCTGGTCTCCCTGGGGGCAATCAGTTTCTGGATGTGTTCCAATGGGTCTTTGCAATGCAGAATATGCATC,North_America,swine,2017
A/swine/Morbihan/0163/2010,47.82598115,-2.76334927,2010.464066,ATGAAAGCCAAACTAATAGTCCTGTTATGTGCACTTTCAACTACAGATGCAGACACAATATGTATAGGCTACCATGCAAACAATTCAACTGACACGGTAGATACAGTACTCGAAAAGAACGTGACAGTGACACACTCTGTGAACCTACTTGAAGACAGTCATAATGGGAAACTATGCAGACTGAAAGGGATAGCCCCACTACAATTGGGAAAATGCAGCATCGCCGGGTGGATATTAGGGAACCCAGAGTGCGAACCACTATTTTCTAGAAAATCATGGTCCTACATTGCAGAAACACCAAACTCCGAGTATGGAGTCTGCTATCCAGGGTATTTCTCTGATTATGAAGAACTGAGAGAGCAATTAAGTTCAGTATCATCATTCGAAAGATTTGAGATATTCCCTAAGGAAAGCTCATGGCCTAAACACAACGTGAGCAAAGGAATAACGGCATCATGCTCACATAAGGGGAAAAGCAGTTTTTACAGGAATTTGCTGTGGCTAACAGAGAAAGACGGCTCATATCCAAATCTAAGCAAGCCTTATGTTAATAATAAAGAGAAAGAAGTCCTTATACTGTGGGGTATACACCACCCGTCTAACATAGAGGATCAAAGGGCTATATATCGCAAAGAAACTTCTTACGTTTCTGTAGTGTCCTCACATTATAACAGAAGGTTCACTCCAGAAATTGCAAAAAGACCCAAGATAAGAAACCAAGAAGGGAGAATTAACTACTACTGGACTCTGCTGGAACCCGGTGATACAATCTTATTTGAGGCAAATGGAAATTTAATTGCACCATGGTACGCTTTTGCATTGAATAGAGGCTTCGAGTCAGGGATCATCATCACAAATGCATCAATGGATGAATGTGACACGAAGTGTCAAACACCCCAGGGAGCTATAAACAGTAGTCTTCCTTTCCAGAATGTACACCCAGTTACCATTGGAGAGTGTCCTAAGTATGTTAGAAGCACAAAATTAAGGATGGTTACAGGACTAAGGAACATTCCATCTATTCAATCAAGAGGTCTGTTTGGAGCCATTGCTGGTTTCATTGAAGGGGGGTGGACCGGAATGATAGATGGATGGTATGGTTACCACCATCGGAATGAACAGGGATCTGGCTATGCTGCAGACCGAGAAAGCACACAAAATGCCATTAATGGAATTACAAACAAGGTGAACTCTATAATCGAGAAAATGAACACCCAATTTACAGCTGTAGGTAAAGAGTTCAACAAACTGGAAAAAAGGATGGAAAACCTGAATAAAAAGGTTGATGACGGATTTCTGGACGTTTGGACATATAATGCAGAATTATTGGTTCTACTGGAAAATGAAAGGACTTTGGATTTGCATGACTCAAATGTGAAGAACTTATATGAAAAGGTGAAAAGCCAATTAAAGAACAATGCCAAAGAGATAGGAAATGGGTGTTTTGAGTTCTACCATAAGTGTAACAATGAATGCATGGAGAGTGTAAAAAATGGGACTTATGATTATCCAAGATACTCAGAGGAATCAAATTTAAATAGAGGAAGAATTGATGGAGTAAAATTGGAATCAGTGGGAATCTATCAAATTCTGGCGATCTACTCAACTGTCGCTAGTTCACTGGTACTTTTAGTCTCCCTGGGGGCAGTCAGCTTTTGGATGTGTTCTAATGGGTCTTTGCAGTGCAAAATATGCATC,Europe,swine,2010
A/swine/North Carolina/01550/2007,35.6729639,-79.0392919,2007.258042,ATGAAAGTAAAACTACTGGTTCTGTTATGTACATTTACAGCTACATATGCAGACACAATATGTATAGGCTATCATGCCAACAACTCAACCGACACTGTTGACACAGTACTTGAGAAGAATGTGAAAGTGACACACTCTGTCAACTTACTTGAGGACAGTCACAATGGAAAACTATGTCTACTAAAAGGAGTAGCTCCACTACAATTGGGTAACTGCAGTGTTGCCGGATGGATCTTAGGAAACCCAGAGTGCGAATTGCTGATTTCCAAGGAATCATGGTCCTACATTGTAGAAACACCAAATCCTGAGAATGGAACATGTTACCCAGGGTATTTCACCGACTATGAGGAACTGAGGGAGCAATTGAGTTCAGTATCTTCATTTGAGAGGTTCGAAATATTCCCCAAAGAGAGCTCATGGCCCAACCACACCGTAACC---GGAGCATCAGCATCATGCTCCCATAACGGGAAAAGCAGCTTTTACAGAAATTTGCTATGGCTGACGGGGAAGAACGGTTTGTACCCAAACCTGAGCAAGTCCTATACAAACAACAAAGAAAAAGAAGTCCTTGTACTATGGGGTGTTCATCACCCGCCTAACATAGGGGACCAAAGGGCACTCTATCATAAAGAAAATGCTTATGTCTCTGTAGTGTCTTCACATTATAGCAGAAGATTCACCCCAGAAATAGCCAAAAGACCCAAGGTGAGGGATCAGGAAGGAAGAATCAACTACTACTGGACTCTGCTGGAACCCGGGGATACAATAATATTTGAGGCAAATGGAAATCTAATAGCGCCAAGGTATGCTTTCGCACTGAGTAAAGGCTTTGGATCAGGAATCATCACCTCAAATGCACCAATGGATGAATGTGATGCGAAGTGTCAAACACCTCAGGGAGCTATAAACAGCAGTCTTCCTTTCCAGAATGTACACCCAGTCACAATAGGAGAGTGTCCAAAGTATGTCAGGAGTGCAAAATTAAGGATGGTTACAGGACTAAGGAACATCCCATCCGTTCAATCCAGAGGTTTGTTTGGAGCCATTGCCGGTTTCATTGAAGGGGGGTGGACTGGAATGGTAGATGGTTGGTATGGTTATCATCATCAGAATGATCAAGGATCTGGGTATGCTGCAGATCAAAAAAGCACACAAAATGCCATTAACGGAATTACAAACAAGGTGAATTCTGTAATTGAGAAAATGAACACTCAATTCACAGCTGTGGGCAAAGAATTCAACAAATTGGAAAGAAGGATGGAAAACTTAAATAAAAAAGTTGATGATGGGTTTCTAGACATTTGGACATATAATGCAGAATTGTTAGTTCTACTGGAAAATGAAAGGACTTTGGATTTCCATGACTCCAACGTGAAGAATCTGTATGAGAAAGTAAAAAGCCAATTAAAGAATAATGCCAAAGAAATAGGAAACGGATGTTTTGAATTCTATCACAAGTGTAACGATGAATGCATGGAGAGTGTGAAAAATGGAACTTATGACTATCCAAAATATTCCGAAGAATCAAAGTTAAACAGGGAGAAAATTGATGGAGTGAAATTGGAATCAATGGGAGTCTATCAGATCCTGGCGATCTACTCAACAGTCACCAGTTCTCTAGTCCTTTTAGTCTCCCTGGGGGCAATCAGCTTCTGGATGTGTTCCAATGGGTCTTTGCAGTGTAGAATATGCATC,North_America,swine,2007
A/swine/North Carolina/0703-1/2009,35.6729639,-79.0392919,2009.678303,ATGAAAGTAAAACTACTGATCCTGTTATGTACATTTACAGCTACATATGCGGACACAATATGTATAGGCTACCATGCCAACAACTCAACCGACACAGTTGACACAGTACTTGAGAAGAATGTGACAGTTACACACTCTGTCAACCTACTTGAGGACAGTCACAATGGAAAGCTGTGCCTACTAAAGGGAATAGCCCCCCTACAATTGGGTAATTGCAGCGTTGCCGGATGGATCTTAGGAAACCCAGAATGCGAGTTACTGATTTCCAAGAAATCATGGTCCTACATTGTAAAAACACCAAATCCTGAAAATGGATCATGTTACCCAGGGTATTTCGCCGACTATGAGGAGCTAAGGGAGCAATTGAGTTCAGTATCTTCATTTGAGAGATTCGAAATGTTCCCCAAAGAAAGCTCATGGCCCAACCACAACGTAAAC---GGAGTATCAGCATCATGCTCCCATAATGGGAAAAGAAGTTTTTACAGAAATCTGCTATGGCTGACGGGAAAAAATGGTTTGTATCCAAACCTGACCAAGTCCTATGAAAACAACAATGAGAAAGAGGTCCTTATACTATGGGGTGTTCATCACCCGTCTAATATAGGGGACCAAAGGACCCTCTATCACACAGAAAATGCTTATGTCTCTGTAATGTCTTCACATTATAGCAGAAGATTCACCCCAGAAATAAACAAAAGGCCCAAAGTAAGAGATCAGGAAGGAAGAATCAACTATTACTGGACTCTGCTAGAACCCGGGGATACAATAATATTTGAGGCAAATGGGAATCTAATAGCGCCATGGTATGCTTTCGCACTGAGTAGAGGCTTTGGATCAGGAATCATCACCTCAAGTGCACCAATGGATGAATGTGATGCGAAGTGTCAAACACCTCGGGGAGCTATAAACAGCAGTCTTCCTTTCCAGAATGTACACCCAGTCACAATAGGAGAATGTCCAAAGTATGTCAGGAGTGCAAAATTAAGGATGGTTACAGGACTTAGGAACATCCCATCCATTCAATCCAGAGGTTTGTTTGGGGCCATTGCCGGTTTCATTGAAGGGGGGTGGACTGGAATGGTAGATGGGTGGTATGGTTACCATCATCAGAATGAGCAAGGATCTGGCTATGCTGCAGATCAAGAAAGCACACAAAATGCCATTAACGGGATTACAAACAAGGTGAATTCTGTAATTGAGAAAATGAACACTCAATTCACAGCTGTGGGCAAAGAATTCAACAAATTGGAAAGAAGGATGGAAAACTTAAATAAAAAGGTTGATGATGGGTTTCTAGACATTTGGACATATAATGCAGAGTTGTTGGTTCTACTGGAAAATGAAAGAACTTTGGATTTCCACGACTCCAATGTGAAGAGTCTGTACGAGAAAGTAAAAAGCCAATTAAAGAATAATGCCAAAGAAATAGGAAATGGGTGCTTTGAATTCTATCACAAGTGTAACAACGAATGCATGGAGAGTGTGAAAAATGGAACTTATGACTATCCAAAATATTCCGAAGAATCAAAGTTAAACAGGGAAAAAATTGATGGAGTGAAATTGGACTCAATGGGGGTCTATCAGATTCTGGCGATCTACTCAACTGTCGCCAGTTCCCTGGTTCTTTTGGTCTCCCTGGGGGCAATCAGCTTCTGGATGTGTTCCAATGGGTCTTTGCAATGTAGAATATGCATC,North_America,swine,2010
A/swine/North Carolina/A01945041/2015,35.6729639,-79.0392919,2015.693361,ATGAAAGTAAAACTAATTGTTCTGCTATGTACATTTACAGCTACATCTGCAGACACAATATGTGTAGGCTACCATGCCAACAATTCAACTGACACTGTTGACACAGTGCTTGAGAAGAATGTGACAGTGACACACTCTGTAAACCTACTTGAGGACAGCCACAATGGAAAACTATGTCTACTAAAAGGGATAGCTCCACTACAATTGGGTAGTTGCAGCGTTGCCGGATGGATCTTAGGAAACCCAGAGTGCGAACTGCTGATTTCCAAGGAATCATGGTCCTACATTGTAGAAACACCAAATCCTGAAAATGGAACATGTTACCCAGGGTATTTCACAGACTATGAAGAACTGAGGGAGCAATTGAGTTCAGTATCTTCATTTAAAAGGTTCGAAATATTCCCCAAAGAGAGCTCATGGCCCAACCACACCGTAACC---GGAGTGTCATCATCATGCTCCCATAACGGGAACAGCAGCTTCTACAGAAATTTGCTATGGCTGACAATGAAGAACGGTTTGTACCCAAACCTGAGCAAGTCCTATACAAACAAAAAAGAGAAAGAAGTCCTTGTACTATGGGGTGTTCATCACCCATCTAACATAGAGGACCAAAGGGCCCTTTATCGTACAGAAAATGCTTATGTCTCTGTAGTGTCTTCACATTATAGCAGAAAATTCACCCCAGAAATAGCCAGGAGACCCAAGGTGAGAAATCAGGAAGGAAGAATCAACTACTACTGGACTCTACTAGAACCCGGAGATACAATAATATTTGAGGCAAATGGAAATCTAATAGCACCAAGGTATGCCTTCGAACTGAGTAAGGGCTTTGGATCAGGAATTATTACTTCAAATGCACCAATGGGTGAATGTAATGCAAAATGTCAAACACCTCAGGGAGCTATAAACAGCAATCTTCCTTTCCAGAATGTACACCCGGTAACAATAGGAGAGTGTCCAAAGTATGTCAGGAGTGCAAAATTAAGGATGGTTACAGGGCTAAGGAACACCCCATCCATCCAATCCAGAGGTTTGTTTGGAGCAATTGCCGGTTTCATTGAAGGAGGATGGACTGGAATGGTAGATGGTTGGTATGGTTATCATCATCAAAATGAGCAAGGATCTGGATATGCTGCAGACCAACAAAGCACACAAAATGCCATTAATGGGATTACAAACAAGGTAAATTCTGTAATTGAAAAAATGAACACTCAATTCACAGCTGTGGGCAAAGAATTCAACAAATTGGAAAGAAGAATGGAAAACTTAAATAAAAAGGTTGATGATGGGTTTCTAGATATTTGGACATATAATGCTGAATTGTTAGTCCTACTGGAAAATGAAAGGACTTTGGATTTCCATGACTCCAATGTGAAGAGTCTGTATGAGAAAGTAAGAAGCCAATTAAAAAACAATGCCAAAGAAATAGGAAACGGGTGTTTTGAATTCTATCATAAGTGTAACGATGAATGCATGGAGAGTGTGAAAAATGGAACTTATGACTATCCAAAATATTCTGAAGAATCAAAGTTAAACAGGGAGAAAATTGATGGAGTGAAATTGGAATCGGTGGGAGTATATAATATCCTGGCGATCTACTCAACAGTTGCCAGTTCCCTAGTTCTTTTAGTCTCCCTGGGGGCAATCAGCTTCTGGATGTGTTCCAATGGGTCTTTACAGTGTAGAATATGCATC,North_America,swine,2016
A/swine/Ohio/OH-17-25445/2017,40.2253569,-82.6881395,2017.869952,ATGAAAGTAAAGCTAATTGTTCTGCTATGTACATTTACTGCTACATATGCAGACATAATATGTGTGGGCTACCATGCCAACAATTCAACTGACACTGTTGACACAGTACTTGAGAAGAACGTGACAGTGACACACTCTGTCAACTTACTTGAGGACAGCCACAATGGAAAACTATGTCTATTAAAAGGAATAGCTCCACTACAACTGGGTAGTTGCAGCGTTGCCGGGTGGATCTTAGGGAACCCAGAGTGCGAACTGCTGATTTCCAAAGAATCATGGTCCTACATTGTAGAAACACCAAATCCTGAAAATGGAACATGTTACCCAGGGTATTTCACAGACTATGAAGAACTGAGGGAGCAATTGAGTTCAGTATCTTCATTTAAAAGGTTCGAAATATTCCCCATAGAGAGCTCATGGCCCAACCACAACGTAACC---GGAGTGTCATCATCATGCTCCCATAACGGGAAAAGCAGCTTCTACAGAAATTTGCTATGGCTGACGAAGAAGAACGGTTTGTACCCACACCTGAACAAGTCCTATACAAATAAAAAGGGGAAAGAAGTCCTTGTACTATGGGGTGTTCATCACCCATCTAACATAGAGGACCAAAGGGCCCTTTACCATACAGAAAATGCTTATGTCTCTGTAGTGTCCTCACATTATAGCAGAAAATTCACCCCAGAAATAGTCAGGAGACCCAAGGTGAGAAATCAGGAAGGAAGAATCAACTACTACTGGACTCTGCTAGAACCCGGAGATACAATAATATTTGAGGCAAATGGAAATCTAATAGCACCAAGGTATGCCTTCGAATTGAGTAAGGGTTTTGGATCAGGAATCATTACTTCAAATGCACCAATGGGTGAATGTAATGCAAAATGTCAAACACCTCAGGGAGCTATAAACAGCAGTCTTCCTTTCCAGAATGTACACCCGGTAACAATAGGAGAGTGTCCAAAGTATGTCAGGAGTGCAAAGTTAAGGATGGTTACAGGGCTAAGAAACACCCCATCCATCCAATCCAGAGGTTTGTTTGGAGCAATTGCCGGTTTCATTGAAGGAGGATGGACTGGAATGGTAGATGGTTGGTATGGTTATCATCATCAAAATGAGCAAGGATCTGGATATGCTGCAGACCAACAAAGCACACAAAATGCCATTAATGGGATTACAAACAAGGTAAATTCTGTAATTGAAAAAATGAACACTCAATTCACAGCTGTGGGCAAAGAATTCAACAAATTGGAGAGAAGAATGGAAAACTTAAATAAAAAGGTTGATGATGGGTTTCTGGACATTTGGACATATAATGCTGAATTGTTAGTTCTATTGGAAAATGAAAGGACTTTGGATTTCCATGACTCCAACGTGAAGAATCTGTATGAGAAAGTAAGAAGCCAATTAAAAAACAATGCCAAAGAAATAGGAAACGGGTGTTTTGAATTCTATCATAAGTGTAATGATGAATGCATGGAGAGTGTGAAAAATGGAACTTATGACTATCCAAAATATTCTGAAGAATCAAAGTTAAACAGGGAGAAAATTGATGGAGTGAAATTGGAATCAGTGGGAGTATATAATATCCTGGCGATCTACTCAACAGTTGCCAGTTCCCTGGTTCTTGTAGTCTCCCTGGGGGCAATCAGCTTCTGGATGTGTTCCAATGGGTCTTTACAGTGTAGAATATGCATC,North_America,swine,2018
A/swine/Oklahoma/A01290605/2013,34.9550817,-97.2684063,2013.7577,ATGAAAGTAAAACTACTGATCCTGTTATGTACATTTACAGCTACATATGCGGACACAATATGTATAGGGTACCATGCCAACAACTCAACCGACACTGTTGACACAGTACTTGAAAAGAATGTGACAGTGACACACTCTGTCAATCTACTTGAAGAAAGTCACAATGGGAAACTGTGCCTACTGAAGGGAATAGCCCCCCTACAATTGGGTAATTGCAGCGTCGCCGGATGGATACTAGGAAACCCAAAGTGCGAATCACTGATTTCAAAGAAATCATGGTCCTACATTGTAGAAACACCAAATCCTGAGAATGGAGCATGCTACCCAGGGGAGGTTGCCGACTATGAGGAGCTAAGAGAGCAATTGAGTTCAGTGTCTTCATTTGAGAGATTCGAAATATTCCCCAAAGAAAGCTCATGGCCCAACCACAATGCAACC---GGAGGGACAGCATCATGCTCCTATAATGGGGAAAGG---TTTTACAGAAATCTGATATGGTTGATAGAGAAAAATGGTTTGTACCCAAACCTGAGCAAGTCCTATGAAAATGACAAAGGAAAAGAAGTCCTTATACTATGGGGTGTCCATCATCCGCCTGACATAGAGAACCAAAGGACTCTCTATCGAAAAGAAAATGCTTATGTCTCTGTAGTGTCTTCACATTATAGCGGAAGATTCACCCCAGAAATAACCAAAAGGCCCAAAGTAAGAAATCAGGAAGGAAGAATCAACTACTACTGGACTCTGCTGGAACCCGGGGATACAATAATATTTGAGGCAAATGGAAATCTAATAGCGCCATGGTATGCTTTCACACTGAGTAGAGGCATTGGATCAGGAATCATCACCTCTGATGCACCAATGGACGAATGTGATGCGAAATGTCAAACACCTCAGGGAGCTATAAACAGCAGTCTTCCTTTCCAGAATGTACACCCAGTCACAATAGGAGAATGTCCAAAGTATGTCAGGAGTGCAAAGTTAAGGATGGTTACAGGACTAAGGAACATCCCATCCATTCAATCCAGAGGTTTGTTTGGAGCCATTGCCGGTTTCATTGAAGGGGGGTGGACTGGAATGGTAGATGGGTGGTATGGTTATCACCATCMGAATGAGCAGGGGTCTGGCTATGCTGCGGATCAAGAAAGCACCCAAAATGCCATTAACGGGATTACAAACAAGGTGAATTCTGTAATTGAGAAAATGAACACTCAATTCACAGCTGTGGGCAAGGAATTCAACAAATTGGAAAGAAGGATGGAAAACTTAAATAAAAAGGTTGATGATGGGTTTCTAGACATTTGGACATACAATGCAGAGCTGTTGGTTCTACTGGAAAATGAAAGAACTTTGGACTTCCACGACTCCAATGTGAAGAGTCTGTATGAGAAAGTAAAAAGCCAATTAAAGAATAATGCTAAAGAAATAGGGAATGGGTGCTTTGAATTCTATCACAAGTGTAACAACGAATGCATGGAGAGTGTGAAAAATGGAACTTATGACTATCCAAAATATTCCGAAGAATCAAAGCTAAACAGGGAAAAAATTGATGGAGTTAAATTGAACTCAATGGGGGTCTATTGGATTCTGGCGATCTACTCAACTGTCGCCAGTTCCCTAGTTCTTTTGGTCTCCCTGGGGGCAGTCAGCTTCTGGATGTGTTCCAATGGGTCTTTGCAATGTAGAATATGCATC,North_America,swine,2014
A/swine/Oklahoma/A02214419/2017,34.9550817,-97.2684063,2017.256674,ATGAAAGTAAAACTACTGATCCTATTATGTACATTTACAGCTACATATGCGGACACAATATGTATAGGATACCATGCCAACAACTCAACCGACACTGTTGACACAGTACTTGAAAAGAATGTGACGGTGACACACTCTGTCAACCTACTTGAAAACAGCCACAATGGAAAACTGTGCCTACTAAAGGGAATAGCCCCACTACAATTAGGTAATTGCAGCGTTGCCGGATGGATATTAGGAAACCCAGCGTGTGAATCACTGATTTCCAAGAAATCATGGTCCTACATTGTGGAAAAACCAAATCCCGAGAATGGAGCATGCTACCCAGGGGAGTTTGCCAACTATGAGGAGCTAAGAGAGCAATTGAGTTCAGTATCTTCATTTGAGAGATTCGAAATATTCCCCAAAGAAAACTCATGGCCCAACCACACTGCAACC---GGAGGGTCAAAGTCATGCTCCTATAATGGGGAAAGA---TTTTACAGAAATCTGTTATGGCTGACAGGGAAAAATGGTTTGTACCCAAACCTGAGCAAGTCCTATGAAAATGACAAAGGGAAAGAAGTCCTTATACTATGGGGTGTTCATCATCCGCCTGACATAGAGAACCAAAGGACTCTCTATCTAAAAGAAAATACTTATGTCTCTGTAGTGTCTTCACATTATAGCGAAAGATTCACCCCAAAAATAACCAGAAGGCCCAAAGTAAGAAATCAGGAAGGAAGAATCAACTACTACTGGACTCTGTTGGAACCCGGGGATACAATAATATTTGAGGCAAATGGAAATCTAATAGCGCCATGGTATGCTTTCACACTGAGTAGAGGCCTTGGATCAGGAATCATCACCTCTAATGCACCAATGGACAAATGTGATGCGAAATGTCAGACACCTCAGGGAGCTATAAACAGCAGTCTTCCTTTCCAGAATGTACACCCAGTTACAATAGGAGAATGTCCAAAGTATGTCAGGAGTGCAAAATTAAGAATGGTTACAGGGCTAAGGAACATCCCATCTATTCAATCCAGAGGTTTGTTTGGGGCCATTGCCGGTTTCATTGAAGGGGGGTGGACTGGAATGGTAGATGGGTGGTATGGTTATCATCATCAGAATGAGCAGGGATCTGGCTATGCTGCAGATCAAGAAAGCACACAAAATGCCATTAACGGAATTACAAACAAGGTGAATTCTGTGATTGAGAAAATGAACACTCAGTTTACAGCTGTGGGCAAGGAATTTAACAAATTGGAAAAAAGGATGGAAAACTTAAATAAAAAGGTTGATGATGGGTTTCTAGACATTTGGACATACAATGCAGAGTTGTTAGTTCTACTGGAAAATGAAAGAACCTTGGACTTCCACGACTCCAATGTGAAGAGTCTGTATGAGAAAGTAAAAGGCCAATTAAAGAACAATGCTAAAGAAATAGGGAATGGGTGCTTTGAATTCTACCACAAGTGTAACAACGAATGCATGGAGAGTGTGAAAAATGGAACTTATGACTATCCAAAATATTCCGAAGAATCAAAGCTAAACAGGGAAAAAATTGATAGAGTTAAATTGGACTCAATGGGGGTTTATCGGATTTTGGCGATCTATTCAACTGTCGCCAGTTCCCTAGTTCTTTTGGTCTCCCTGGGGGCAGTCAGCTTCTGGATGTGTTCCAATGGGTCGTTGCAATGCAGAATATGCATC,North_America,swine,2017
A/swine/Rancagua/VN1401-19/2014,-34.170249,-70.7407427,2014.138261,ATGAAAGCAAAGCTACTAATTCTGTTGTGTGCAGTCATAGCTACATATGCAGACACAATATGTATAGGCTATCATGCGAATAACTCAACTGACACTGTTGACACAATACTCGAAAAAAATGTAACAGTAACACACTCTGTCAACCTACTTGAGGACAGCCACAATGGAAGGCTATGTCGACTAAGGGGAATAGCCCCACTGCAACTGGGTAATTGCAGTGTTGCCGGATGGATCCTAGGAAATCCAGAATGTGAATCACTGTTTTCTAAAGAATCATGGTCTTACATTGCAGAAACACCGAATCCTGAAAATGGAAAATGTTACCCAGGGTATTTCGCCGACTATGAGGAACTAAGGGAACAATTGGGTTCAGTGTCATCATTCAAGAGGTTCGAAATATTCCCCAAGGGAAGCTCATGGCCCAATCACAACGTGACCAAGGGAGTATCGGCATCATGCCCCCACAATGGGAAAAGTAGTTTTTACAGGAATTTGTTATGGCTGACAGGGAAGAATGGTTTGTATCCAAATCTAAACAAGTCCTACGTAAACAACGAAGAAAAAGAAGTTCTTATACTATGGGGTGTTCATCATCCGTCTAACATAGAGGACCAACGGGCCATCTATCATACAGAAAATGCTTATGTCTCTGTAGTATCTTCACATTTTAACAAAAGATTCACACCAGAAATAGCAAGGAGACCCAAAGTAAGAAATCAAGAGGGAAGAATCAACTACTACTGGACTATACTGGAACCAGGGGATACAATAATATTTGAAGCAAATGGAAATCTAATAGCGCCATGGCATGCTTTCGCACTGAGCAGAGGCTTTGGATCAGGAATCATCACCTCAAACGCATCAGTGGAGGAATGTGACGCAAAATGTCAAACACCCAAGGGAGCTATAAACAGCAGTCTTCCTTTCCAAAATGTGCACCCAGTCACAATAGGGGAGTGTCCAAAGTATGTCAGAAGTACAAAATTAAGGATAGTTACAGGACTAAGAAATAACCCGTCTATTCAATCCAGAGGCCTGTTCGGAGCCATTGCCGGTTTCATTGAAGGAGGATGGACTGGAATGATAGATGGATGGTATGGGTATCATCATCAAAATGAACAAGGATCTGGCTATGCTGCGGACCAAAAAAGCACACAAAATGCCATCAACGGAATTACAAACAAGGTGAATTCTGTAATCGAAAAAATGAACACCCAATTCACAGCTGTGGGTAAAGAATTCAGCAAGTTGGAAAGAAGGTTGGAAAACTTAAATAAAAAAGTTGATGACGGATTTCTGGATATTTGGACATATAATGCAGAGATGTTGGTTCTACTGGAAAATGAAAGGACTTTGGATTTCCATGACTCAAATGTGAAGAATCTGTATGAGAGAGTAAAAGGCCAATTGAAAAATAATGCTAAAGAAATAGGAAACGGATGTTTCGAGTTCTATCACAAGTGTAACGATGAATGCATGGAGAGTGTGAAGAATGGAACTTATGACTATCCAACATATTCCGAAGAATCAAAATTAAACAGGGAAAAAATTGATGGGGTGAAATTGGAATCAATGGGAGTCTATCAGATTCTGGCGATCTACTCAACTGTCGCCAGTTCACTGGTGCTTTTAGTCTCCCTGGGGGCAATCAGCTTTTGGATGTGTTCTAATGGGTCCTTGCAGTGCAGAATATGTATC,South_America,swine,2014
A/swine/Siberia/1sw/2016,60,100,2016.197125,ATGAAGGCAAAGCTGCTGGTCCTGTTATGTACACTTTCAGCTACATATGCTGACACAATATGTATAGGCTACCATGCTAACAACTCAACTGATACTGTTGACACAATACTCGAAAAGAACGTGACAGTGACACACTCTGTCAACCTACTTGAAGACAGTCATAACGGAAAACTATGCAGAATAAAAGGGGTAGCCCCACTACAATTGGGGAAATGCAGCATTGCCGGATGGATCTTGGGAAACCCAGAATGTGAAACATTGCTTTTGAAGAAATCATGGTCCTACATTGCAGAAGCACCAAATTCCGAAAATGGAACATGTTACCCAGGAAATTTCGCAGACTATGAGGAGTTGAGGGAACAATTGAGTTCAGTGTCATCGTTCGAGAGGTTTGAGATATTCCCCAAGGAAAGTTCATGGCCCAACCACAACGTGAACAAAGGAGTTACGGCATCATGCCCCCATAAGGGAAAAAGCGGCTTTTACAGAAATTTGATATGGCTGACAGAAAAGAATGGCTCATACCCAAATTTGAGCAAATCTTATATGAATAACAAAGAAAAAGAAGTACTTATACTATGGGGCGTTCATCACCCTTCTAACATAGAGGATCAAAGGACCATCTATCGCAAGGAAGATGCTTACATCTCTGTAGTGTCTTCAAACTATAACAGAAGATTCCACCCAGAAATAACAAGGAGACCTAAGATAAGAGATCAAGAAGGAAGAATTAATTACTACTGGACTATGCTGGAACCCAGGGACACAATAATATTTGAGGCAAGTGGGAATCTAATAGCGCCATGGTATGCTTTTGCATTGAGTAGAGGCTTTGGATCAGGAATTATCACCTCAAGTGCACCGATGGGTGAATGTGATACGAAATGTCAAACACCCCAGGGAGCTATAAACAGTAGTCTTCCTTTCCAAAACGTACACCCAGTAACAATCGGAGAGTGCCCAAAGTACGTCAGGAGCACAAAATTGAGGATGGCCACAGGATTAAGGAACATTCCATCCATTCAATCCAGAGGTTTGTTTGGAGCAATTGCCGGTTTCATTGAAGGAGGATGGACTGGGATGATAGATGGATGGTATGGTTATCATCACCAGAATGAGCAGGGATCTGGTTATGCTGCAGACCGGCAAAGCACACAAAATGCCCTTAACGGGATCACAAACAAGGTAAATTCTGTCATCGAGAAAATGAACACTCAATTCACAGCTGTGGGTAAAGAATTCAACAAATTAGAAAAAAGAATGGAGAATTTAAACAAAAAAGTTGATGATGGATTTTTAGATATTTGGACATATAATGCAGAATTGTTGGTTCTACTGGAAAATGAAAGGACTTTAGATTTTCATGACTCAAATGTGAAAACCCTGTATGAGAAAGTGAAGAGTCAGCTAAAGAACAATGCCAAAGAAGTAGGGAATGGATGCTTTGAATTTTACCACAAGTGTGACAATGAGTGTATGGAAAGTGTAAAAAATGGAACTTATGACTATCCGACGTATTCAGAGGAATCAAAATTAAACAGGGAAAAAATTGATGGAGTAAAATTGGAGTCAATAGGAGTTTATCAGATTCTGGCGATCTACTCAACAGTCGCCAGTTCACTGGTATTTTTAATCTCCCTGGGGGCAACCGGCTTTTGGATGTGTTCTAATGGGTCTTTGCAGTGCAGAATATGCATT,Europe,swine,2016
A/swine/South Carolina/01414/2006,33.6874388,-80.4363743,2006.96783,ATGAAAGTAAAACTACTGGTTCTGTTATGTACATTTACAGCTACATATGCAGACACAATATGTATAGGCTACCATGCCAACAACTCAACCGACACTGTTGACACAGTACTTGAGAAGAATGTGGCAGTGACACACTCTGTCAACCTACTTGAGGACAGTCACAATGGAAAACTATGTCTACTAAAAGGAATAGCTCCACTACAATTGGGTAATTGCAGTGTTGCTGGATGGATCTTAGGAAACCCAGAGTGCGAATTGCTGATTTCCAAGGAATCATGGTCCTACATTGTAGAAACACCAAATCCTGAGAATGGAACATGTTACCCAGGGTATTTCACCGACTATGAGGAACTGAGGGAGCAACTGAGTTCAGTATCTTCATTTAAGAGGTTCGAAATATTCCCCAAAGAGAGCTCATGGCCCAACCACACCGTCACC---GGAGTATCAGCATCATGCTCCCATAACGGGGAAAGCAGCTTTTACAGAAATTTGCTATGGCTGACGAGGAAGAACGGTTTGTACCCAAACCTGAGCAAGTCCTATACAAACGACAAAGAGAAAGAAGTCCTTGTACTATGGGGTGTTCATCACCCGTCTAACATAGAGGACCAAAGGGCCCTCTATCATACAGAAAATGCTTATGTCTCTGTAGTGTCTTCACATTATAGCAGAAGATTCACCCCAGAAATAGCCAAAAGACCCAAGGTGAGAGATCAGGAGGGAAGAATCAACTACTACTGGATTCTGCTGGAACCCGGGGATACAATAATATTTGAGGCAAATGGAAATCTAATAGCGCCAAGGTATGCTTTCGCACTGAGTAGAGGCTTTGGATCAGGAATCATCACCTCAAATGCACCAATGGATGAATGTGATGCGAAGTGTCAAACACCTCAGGGAGCTATAAACAGCAGTCGTCCTTTCCAAAATGTACACCCAGTCACAATAGGAGAGTGTCCAAAGTATGTCAGGAGTGCAAAATTAAGGATGGTTACAGGACTAAGAAACATCCCTTCCATTCAGTCCAGAGGTTTGTTTGGAGCCATTGCCGGTTTCATTGAAGGGGGGTGGACTGGAATGGTAGATGGTTGGTATGGTTATCATCATCAGAATGAGCAAGGATCTGGGTATGCTGCAGATCAAAAAAGCACACAAAATGCCATTAACGGGATTACAAACAAGGTGAATTCTGTGATTGAGAAAATGAACACTCAATTCACAGCTGTGGGCAAAGAATTCAACAAATTGGAAAGAAGGATGGAAAACTTAAATAAAAAAGTTGATGATGGGTTTCTAGACATTTGGACATATAATGCAGAATTGTTAGTTCTACTGGAAAATGAAAGGACCTTGGATTTCCATGACTCCAACGTGAAGAATCTGTATGAGAAAGTAAGAAGCCAATTAAAGAATAATGCCAAAGAAATAGGAAACGGATGTTTTGAATTCTATCACAAGTGTAACGATGAATGCATGGAGAGTGTAAAAAATGGAACTTATGACTATCCAAAATATTCCGAAGAATCAAAGTTAAACAGGGAGAAAATTGATGGAGTGAAGTTGGAATCAATGGGAGTCTATCGGATCCTGGCGATCTACTCAACAGTCGCCAGTTCTCTAGTCCTTTTAGTCTCCCTGGGGGCAATCAGCTTCTGGATGTGTTCCAATGGGTCTTTACAGTGTAGAATATGCATC,North_America,swine,2007
